Date,Open,High,Low,Close,Volume (BTC),Volume (Currency),Weighted Price
2020-11-11,15304.29,15654.89,15288.19,15635.47,101.96016134,1575715.157855648,15454.223857112313
2020-11-10,15287.51,15436.7,15112.5,15294.93,214.44816519,3272610.558376228,15260.613470284114
2020-11-09,15489.29,15798.75,14846.0,15300.4,248.08589485,3816160.446899923,15382.416034604803
2020-11-08,14788.8,15645.59,14767.34,15488.4,15.63486685,239390.912045686,15311.349584386515
2020-11-07,15612.1,15753.8,14341.72,14898.5,87.10114697,1313047.3050962887,15074.971464480688
2020-11-06,15623.02,15985.52,15205.8,15574.8,336.44520191,5228579.782786576,15540.657893481384
2020-11-05,14160.71,15755.1,14129.31,15612.4,334.38470598,5019789.150567558,15012.017777116267
2020-11-04,14001.69,14495.0,13550.0,14163.7,22.84660621,320571.3293013735,14031.463857466013
2020-11-03,13525.01,14090.0,13326.56,13984.55,14.74901241,201238.9760859854,13644.23396576323
2020-11-02,13836.76,13857.48,13337.67,13568.12,5.05136668,69032.5163243399,13666.106758327807
2020-11-01,13796.74,13865.55,13631.04,13729.1,20.37414379,280952.055599215,13789.637419615707
2020-10-31,13574.64,14041.64,13463.83,13825.25,20.19297829,279533.3838624035,13843.098321005697
2020-10-30,13457.78,13652.93,13178.51,13600.0,11.1719144,150412.5019486336,13463.449196194484
2020-10-29,13298.2,13579.67,13000.0,13475.0,13.99305576,185869.5535272476,13282.985268919392
2020-10-28,13550.11,13903.83,12502.59,13292.56,18.40126876,243799.4563674579,13249.056874677042
2020-10-27,13091.16,13839.63,13075.0,13654.51,60.97625389,818315.2653863213,13420.22858377863
2020-10-26,13030.18,13231.3,12807.8,13093.29,58.95163056,771059.2587439892,13079.523864216404
2020-10-25,13117.79,13358.96,12910.35,13041.0,91.66403115,1196750.1278372467,13055.83130943556
2020-10-24,12932.1,13162.39,12894.0,13117.8,35.68516616,466944.2681155946,13085.108417934138
2020-10-23,12981.0,13015.94,12738.7,12960.09,84.68788593,1094721.377392794,12926.540382619203
2020-10-22,12850.0,13183.3,12716.7,12994.0,48.39559654,628141.2003161766,12979.304838137585
2020-10-21,11966.12,13250.84,11966.12,12855.1,154.33146597,1930462.6683222447,12508.54876670128
2020-10-20,11749.76,12041.08,11695.8,11917.17,51.55979351,609638.3923282297,11823.91066422697
2020-10-19,11524.94,11820.0,11433.42,11749.05,69.37454186,803080.699760081,11576.014460473454
2020-10-18,11362.69,11514.59,11362.69,11514.59,7.05766987,80909.3280937353,11464.028437722221
2020-10-17,11333.1,11402.5,11281.12,11370.34,7.3770073,83527.6992788696,11322.707960295713
2020-10-16,11503.91,11537.89,11225.1,11327.5,47.30489336,539025.653070077,11394.712360262194
2020-10-15,11433.63,11603.7,11274.3,11487.39,113.88249748,1301632.169626707,11429.606817810607
2020-10-14,11418.92,11532.4,11309.29,11427.94,49.94154361,570942.1866815354,11432.209447511215
2020-10-13,11549.2,11560.12,11335.0,11452.13,107.16208619,1230709.2773033276,11484.55877502479
2020-10-12,11363.1,11726.6,11216.3,11546.95,46.86719353,537735.1762485602,11473.594549764375
2020-10-11,11296.89,11417.1,11280.9,11383.9,81.48402957,925229.4484716844,11354.733600611304
2020-10-10,11068.41,11469.9,11068.41,11297.29,163.48125185,1854867.094375942,11346.05389539009
2020-10-09,10938.33,11091.7,10842.5,11068.17,52.89289394,579592.0539204684,10957.843497425933
2020-10-08,10659.0,10952.4,10551.11,10926.1,51.6830017,551208.5554107082,10665.180761176807
2020-10-07,10597.43,10669.22,10569.02,10663.99,55.35109356,587799.516873142,10619.474324133696
2020-10-06,10786.18,10786.18,10535.74,10569.16,78.30242106,839716.6831821247,10724.019408527398
2020-10-05,10683.51,10785.6,10642.76,10785.5,36.15803937,387726.3218812554,10723.101380406935
2020-10-04,10550.9,10693.26,10540.3,10680.99,60.05569296,636504.7533864717,10598.574789744158
2020-10-03,10564.55,10598.53,10508.8,10558.3,36.85778271,388995.516980921,10553.958713186004
2020-10-02,10644.15,10658.5,10389.7,10571.62,84.06662585,882604.3532585074,10498.86734877807
2020-10-01,10818.08,10916.3,10465.2,10631.46,78.49020429,833226.9895641924,10615.681244574733
2020-09-30,10827.92,10827.92,10673.84,10782.6,49.04074949,526939.6651525524,10744.934990440996
2020-09-29,10692.4,10848.19,10652.81,10848.19,24.90121224,266795.4920278836,10714.15678307088
2020-09-28,10821.04,10955.04,10653.29,10698.71,41.72266693,452139.3616023411,10836.779977677737
2020-09-27,10738.8,10807.18,10609.96,10780.36,33.41077784,357697.6278812529,10706.055081812872
2020-09-26,10710.7,10815.18,10663.24,10747.59,25.07744079,268981.7957037259,10726.046487605954
2020-09-25,10741.63,10742.38,10564.88,10687.99,23.31080696,247920.3869808878,10635.427053482314
2020-09-24,10247.67,10782.4,10203.7,10742.13,26.05176805,272475.8912454511,10459.017242994802
2020-09-23,10530.35,10530.35,10152.45,10245.86,35.55325295,367718.1643497247,10342.743176464382
2020-09-22,10440.15,10563.37,10371.77,10513.23,23.02941828,241081.3458466994,10468.407969126496
2020-09-21,10914.2,10979.44,10325.35,10439.69,117.38608796,1241258.712529387,10574.15520101797
2020-09-20,11068.17,11068.17,10765.6,10940.79,39.8095817,433299.6160878314,10884.304672003907
2020-09-19,10944.36,11162.1,10904.67,11068.3,11.4658207,126431.5233692714,11026.818461348466
2020-09-18,10956.5,11024.9,10831.8,10906.32,18.00156707,196365.5487663668,10908.247487720897
2020-09-17,10956.4,11042.2,10757.67,10947.82,155.21136507,1686559.0001183937,10866.208150142607
2020-09-16,10793.11,11094.69,10678.41,10965.4,42.28970752,460153.2455110353,10880.974887173574
2020-09-15,10703.18,10940.07,10643.6,10781.5,40.13366386,432558.663859698,10777.951033043262
2020-09-14,10338.1,10740.97,10278.1,10670.49,32.07245278,335290.6418143498,10454.16277059524
2020-09-13,10443.53,10571.8,10234.3,10340.8,68.80682251,713766.6616333599,10373.486750236501
2020-09-12,10361.6,10477.88,10289.9,10446.2,33.01578031,341716.4283457174,10350.093959227626
2020-09-11,10371.24,10409.32,10232.72,10408.32,19.36222681,199590.5681979892,10308.244509092663
2020-09-10,10286.77,10484.32,10263.5,10358.71,14.13402134,146230.9276978409,10346.024261616187
2020-09-09,10114.7,10320.21,9996.1,10235.59,14.07166482,143241.7752151086,10179.447638030699
2020-09-08,10439.3,10439.3,9870.55,10100.71,62.79574431,631013.9093219399,10048.673142671125
2020-09-07,10297.5,10382.2,9909.74,10366.07,56.21406735,566966.6760624938,10085.850442602665
2020-09-06,10170.4,10372.49,10063.6,10308.3,35.74983417,363908.1835999009,10179.297108608123
2020-09-05,10497.0,10582.49,9950.0,10149.09,245.30255823,2506981.2981492854,10219.955781295575
2020-09-04,10189.5,10651.7,10048.2,10497.0,193.72013703,2026275.9465737499,10459.81061979094
2020-09-03,11443.8,11472.3,10000.0,10219.5,157.18968097,1668490.2279391552,10614.502285665876
2020-09-02,11916.96,11947.34,11200.02,11453.7,64.50098735,737032.3414152281,11426.683089607432
2020-09-01,11663.79,12045.5,11551.47,11918.0,30.15049945,357889.8903887012,11870.114821222347
2020-08-31,11726.0,11767.1,11592.71,11692.2,8.04623664,94122.6482415729,11697.723103700922
2020-08-30,11522.69,11710.67,11517.7,11704.72,13.62791,158555.6659391356,11634.62819604295
2020-08-29,11538.64,11568.9,11444.2,11478.6,11.77948852,135331.5680866111,11488.74739822838
2020-08-28,11334.4,11541.8,11333.62,11520.47,29.74800971,340827.5063614924,11457.153257783188
2020-08-27,11352.44,11571.3,11140.3,11334.81,56.04054254,636435.2543278696,11356.693305986493
2020-08-26,11301.4,11483.0,11281.87,11447.61,60.03659138,684464.6979900168,11400.792121220135
2020-08-25,11762.5,11762.5,11138.17,11361.01,134.48065912,1531706.7191355412,11389.791879059476
2020-08-24,11627.3,11822.19,11618.5,11761.2,20.65770698,242471.4528353277,11737.578283498711
2020-08-23,11689.6,11711.93,11546.44,11687.94,32.29707281,375173.5657633909,11616.33340490311
2020-08-22,11532.0,11673.5,11400.01,11673.5,65.4715935,753491.3397077153,11508.675739009092
2020-08-21,11867.5,11868.1,11506.4,11522.2,134.00577157,1563836.0030737233,11669.915293587412
2020-08-20,11796.7,11884.6,11696.42,11881.74,28.29828165,334170.8405517582,11808.873933932246
2020-08-19,11967.1,12012.75,11598.2,11748.17,175.86578613,2074482.5296234302,11795.82780297001
2020-08-18,12347.35,12395.3,11899.2,11973.86,266.08508432,3213366.315086174,12076.461644959045
2020-08-17,11921.13,12438.2,11792.4,12304.74,76.42171278,925365.0757285292,12108.66705372642
2020-08-16,11836.72,11920.1,11710.0,11904.58,15.64819414,185024.8919373145,11824.041182129307
2020-08-15,11810.3,11971.49,11703.54,11888.66,47.37490638,562661.8698650365,11876.79117193089
2020-08-14,11779.85,11854.21,11662.43,11721.6,76.58718498,900623.7271307718,11759.457242957305
2020-08-13,11547.99,11788.4,11305.74,11776.5,109.59975885,1267468.2183915984,11564.516488820707
2020-08-12,11390.8,11617.82,11200.0,11549.96,125.86951663,1438544.0936021714,11428.852132886534
2020-08-11,11866.43,11936.0,11150.0,11400.1,213.84810486,2480324.957123601,11598.5360672118
2020-08-10,11720.4,12072.25,11500.01,11818.18,157.04383626,1873549.7410776995,11930.10681409916
2020-08-09,11792.69,11795.0,11548.42,11669.5,27.1424019,316301.0599272767,11653.392396613091
2020-08-08,11608.29,11803.22,11553.95,11776.19,57.41203588,669609.3990652948,11663.22337819341
2020-08-07,11786.1,11899.15,9500.0,11587.52,181.5757689,2098989.1145376675,11559.852546699956
2020-08-06,11734.93,11892.5,11583.1,11778.8,118.67116886,1396844.1055901968,11770.711614360995
2020-08-05,11129.9,11786.17,11110.6,11742.18,47.30070836,547978.7127726821,11585.000135771374
2020-08-04,11246.82,11415.87,11037.4,11201.7,24.05345584,269768.757804137,11215.384583346295
2020-08-03,11081.2,11478.03,10991.6,11244.3,43.82987603,493664.0998713773,11263.187227211907
2020-08-02,11843.83,12117.93,10838.6,11078.6,303.30244076,3426638.518530818,11297.76110586027
2020-08-01,11365.19,11874.4,11246.8,11794.8,100.06869723,1161978.1230755968,11611.80424288808
2020-07-31,11107.22,11466.98,10985.78,11331.2,164.90902432,1860418.3109756897,11281.48273660037
2020-07-30,11071.3,11184.48,10883.6,11122.62,158.48310668,1743606.4595316737,11001.844272602906
2020-07-29,10975.1,11328.4,10851.0,11109.56,259.13781579,2876037.0537603507,11098.484584322625
2020-07-28,11032.6,11224.2,10579.6,10939.4,554.10824373,6068373.686123172,10951.603328031548
2020-07-27,9919.49,11371.0,8951.0,10983.7,759.96544181,8091444.893804416,10647.122156677447
2020-07-26,9701.34,10131.74,9656.32,9919.49,70.69622722,701125.8489936847,9917.443639698728
2020-07-25,9549.75,9722.31,9549.75,9694.79,45.41862675,438264.8734229707,9649.452323500083
2020-07-24,9577.4,9624.14,9378.9,9553.5,69.26180965,658999.3651370015,9514.613731103998
2020-07-23,9529.87,9621.7,9468.1,9605.33,75.68957927,721529.738509698,9532.748701586193
2020-07-22,9388.36,9544.94,9183.1,9515.08,98.05621088,920041.9195166988,9382.801061348731
2020-07-21,9166.27,9434.11,9166.27,9375.7,68.18756359,638053.5700672269,9357.330522963577
2020-07-20,9204.7,9206.68,9153.13,9168.12,10.27313333,94297.6303964898,9179.052521504635
2020-07-19,9167.7,9232.8,9128.0,9225.77,18.09333276,165959.7889756998,9172.427831681565
2020-07-18,9141.7,9198.46,9132.99,9176.7,34.52196101,316736.7272791311,9174.934389949101
2020-07-17,9140.49,9188.2,9091.9,9164.1,12.48414137,114156.953251998,9144.15736482468
2020-07-16,9187.22,9225.28,9046.49,9125.62,20.60927491,187923.0142116226,9118.370977740651
2020-07-15,9261.15,9273.8,9175.76,9227.75,15.44069532,142599.0466953061,9235.273654457817
2020-07-14,9227.1,9281.4,9138.36,9258.91,45.33456102,416692.4879846556,9191.497140577269
2020-07-13,9275.73,9337.25,9201.58,9234.33,36.45531831,338529.802929968,9286.156824945521
2020-07-12,9264.4,9340.28,9171.32,9281.74,42.00886693,390072.3978303364,9285.477717842756
2020-07-11,9291.91,9291.91,9194.32,9242.77,6.97976617,64532.3987016018,9245.639055785417
2020-07-10,9222.52,9303.3,9137.5,9281.12,25.78233206,238145.3381103369,9236.764834000698
2020-07-09,9401.81,9408.1,9174.39,9236.87,18.45988865,170962.1155219026,9261.275556063692
2020-07-08,9257.23,9453.02,9233.4,9417.11,34.04057506,317555.7268140279,9328.741546060943
2020-07-07,9327.6,9359.6,9191.8,9243.3,44.69759867,414322.6026049669,9269.459991886562
2020-07-06,9068.1,9350.2,9063.6,9335.92,31.20983015,286803.3845080783,9189.520837814567
2020-07-05,9136.6,9138.28,8944.01,9073.74,20.11671933,181855.1095389578,9039.998349420619
2020-07-04,9064.3,9188.3,9057.1,9130.4,8.27240102,75527.4080245387,9130.046747242763
2020-07-03,9085.7,9129.8,9058.08,9063.9,24.28062147,220781.0458592604,9092.891058494824
2020-07-02,9236.58,9254.82,8972.4,9096.1,45.73101674,417761.0385749514,9135.17932369836
2020-07-01,9112.88,9279.35,9095.44,9231.23,50.09570483,460900.3274458327,9200.396102019118
2020-06-30,9157.69,9188.8,9078.3,9140.36,32.12414575,293551.4375339237,9138.03093219759
2020-06-29,9123.5,9217.34,9020.1,9176.99,61.86969535,562956.6465208189,9099.069315537188
2020-06-28,9009.9,9186.34,8954.6,9119.5,30.90884625,279668.7011617469,9048.176657896014
2020-06-27,9149.3,9182.69,8854.36,9016.25,66.7857504,604030.0995130131,9044.296064584069
2020-06-26,9224.21,9281.54,9045.48,9154.37,116.97412745,1074273.783355643,9183.858061389144
2020-06-25,9274.73,9318.54,9005.8,9251.47,46.18009852,424647.0723483796,9195.45618042522
2020-06-24,9616.81,9670.0,9224.8,9289.48,59.69213994,561461.3691185594,9405.951431510352
2020-06-23,9680.4,9705.6,9562.69,9602.07,18.55363989,178628.7948671333,9627.69547787818
2020-06-22,9275.75,9735.2,9275.75,9668.8,77.42182334,733902.1313641174,9479.266952176598
2020-06-21,9371.8,9413.5,9279.24,9279.24,23.75911996,222486.8936910232,9364.273342850838
2020-06-20,9316.14,9373.7,9155.11,9353.97,64.59151413,599450.4405653068,9280.63769118067
2020-06-19,9372.91,9410.3,9237.7,9283.08,84.07824189,784270.4257546086,9327.864238415848
2020-06-18,9427.1,9457.04,9274.4,9380.87,37.60805283,352433.2780158912,9371.21843582273
2020-06-17,9515.94,9519.72,9260.68,9427.1,22.05300888,208190.4182957432,9440.454108942578
2020-06-16,9423.17,9587.3,9384.23,9512.62,57.97377208,550305.5125616473,9492.318557472196
2020-06-15,9329.42,9562.18,8955.3,9458.68,381.16774133,3585555.412246531,9406.765115367674
2020-06-14,9455.14,9455.14,9244.0,9332.18,94.86412073,883482.2499246649,9313.13380787253
2020-06-13,9475.5,9476.1,9359.9,9454.71,22.90403752,216387.1194659537,9447.553483834568
2020-06-12,9250.3,9521.6,9246.8,9441.06,40.18620116,378347.2930479234,9414.855898957618
2020-06-11,9889.8,9970.4,9070.0,9267.7,153.25447535,1464237.171335009,9554.286541981945
2020-06-10,9769.91,9999.3,9716.21,9891.03,84.5229053,833132.1416938747,9856.880081639536
2020-06-09,9801.5,9839.72,9600.0,9772.18,64.70809833,629010.6576377552,9720.740894438142
2020-06-08,9716.63,9793.77,9651.63,9780.21,12.11285998,117551.410261689,9704.67837123376
2020-06-07,9643.99,9747.1,9364.88,9718.83,33.27788662,317245.0885862351,9533.210212801521
2020-06-06,9611.78,9726.9,9511.0,9644.76,12.37284815,118553.0559674985,9581.711060399497
2020-06-05,9765.64,9811.5,9564.2,9611.78,13.75056487,132749.1771980096,9654.089010381838
2020-06-04,9643.23,9803.2,9491.6,9767.12,20.26081304,195462.9706286276,9647.340915822771
2020-06-03,9492.5,9661.75,9407.9,9604.2,53.92206879,514220.0856139922,9536.356767330775
2020-06-02,10203.1,10203.1,9316.4,9521.89,148.41272393,1432457.4903664605,9651.85094939764
2020-06-01,9431.18,10219.99,9416.1,10183.97,114.1702867,1121225.594982076,9820.642720537868
2020-05-31,9675.5,9677.6,9373.6,9449.53,64.49741225,614644.1174812656,9529.748497487442
2020-05-30,9414.8,9719.7,9332.4,9673.6,127.54970493,1215047.4579522528,9526.070316031532
2020-05-29,9579.29,9586.99,9335.9,9414.8,105.5374472,996453.2673343703,9441.703336314644
2020-05-28,9168.3,9596.93,9100.0,9562.7,101.95430127,954748.8817602694,9364.478691603805
2020-05-27,8841.31,9210.0,8794.8,9195.6,48.50144011,440007.3058697166,9072.04620876805
2020-05-26,8881.9,8994.09,8699.2,8839.3,58.93481717,522389.6819194992,8863.855136983691
2020-05-25,8706.4,8958.3,8651.0,8889.4,86.28076699,759280.2812112458,8800.110473047209
2020-05-24,9165.9,9293.88,8700.6,8728.2,105.05287804,941890.1288431499,8965.866965439205
2020-05-23,9210.5,9286.6,9098.7,9174.3,31.0504281,284844.4744745415,9173.608607172207
2020-05-22,9061.28,9264.33,8933.2,9154.4,101.59853552,922185.1487293642,9076.756313557586
2020-05-21,9518.42,9567.2,8815.18,9003.1,220.19619735,2002422.7347347317,9093.811604529661
2020-05-20,9765.34,9823.63,9309.95,9518.42,155.08692827,1486662.0328011077,9585.99186523889
2020-05-19,9688.05,9849.4,9472.5,9770.45,129.40135041,1248538.3044947824,9648.572449505875
2020-05-18,9666.02,9921.9,9472.75,9704.12,137.91688764,1339885.0560797635,9715.163088491545
2020-05-17,9364.01,9849.3,9325.6,9661.0,162.87553895,1576697.6201343667,9680.38313364161
2020-05-16,9302.6,9588.3,9217.56,9368.5,121.58937177,1143031.3928758157,9400.750873505527
2020-05-15,9781.2,9829.6,9161.7,9304.73,269.64304238,2536996.5937224906,9408.722625771212
2020-05-14,9317.7,9921.2,9278.99,9763.1,270.687254,2611274.035086418,9646.830415910243
2020-05-13,8798.6,9391.1,8798.6,9304.5,217.94029664,1990109.8765537322,9131.445204193027
2020-05-12,8554.8,8974.3,8541.3,8823.19,260.35651379,2282419.7883792417,8766.51693923131
2020-05-11,8752.52,9170.79,8172.0,8581.05,795.11928656,6879585.272804616,8652.268142769402
2020-05-10,9545.8,9545.8,8144.9,8752.52,601.15641835,5239269.870631009,8715.318859958763
2020-05-09,9806.5,9907.3,9511.7,9526.5,113.17813389,1093802.3859192606,9664.432062312928
2020-05-08,9988.9,10018.0,9740.1,9825.2,142.4899639,1408976.419248901,9888.250236611235
2020-05-07,9137.1,10049.1,9059.6,9983.9,342.54127882,3293658.9800435733,9615.363705623167
2020-05-06,9016.9,9395.39,8906.91,9145.0,208.86184881,1919295.0236494327,9189.304004463736
2020-05-05,8907.8,9099.52,8810.2,9022.33,104.41445494,933147.6831305613,8936.958811562807
2020-05-04,8944.2,8946.7,8551.7,8884.0,122.99201139,1076859.8836135934,8755.527057760997
2020-05-03,8980.0,9174.0,8761.6,8885.2,192.31681781,1729603.1365710064,8993.509544650295
2020-05-02,8815.5,9002.6,8771.0,8980.0,60.78376671,540614.2606375678,8894.056586141563
2020-05-01,8612.27,9059.9,8612.27,8820.8,191.58117481,1691156.9591745378,8827.365010428279
2020-04-30,8790.8,9468.9,8411.5,8617.6,649.90702223,5775091.446834875,8886.027153575034
2020-04-29,7758.0,8940.4,7719.2,8781.28,440.56429569,3764857.399111467,8545.534524569335
2020-04-28,7789.9,7789.9,7678.2,7773.48,18.18575978,140417.1935289509,7721.271765800868
2020-04-27,7692.6,7797.19,7657.0,7794.1,83.4700802,644669.1237721072,7723.355748879554
2020-04-26,7547.0,7709.5,7520.1,7691.2,94.47951927,720242.502486326,7623.265952783315
2020-04-25,7499.9,7695.3,7447.2,7535.02,92.59613196,702011.23871552,7581.431576631924
2020-04-24,7484.75,7586.2,7432.9,7512.86,57.03051592,427793.0133715128,7501.124730689845
2020-04-23,7134.9,7696.3,7032.3,7455.8,284.45558704,2123772.0788187454,7466.093743907039
2020-04-22,6841.0,7159.7,6833.33,7123.0,83.680137,591696.6409615183,7070.932985703866
2020-04-21,6820.4,6939.06,6789.38,6854.34,109.49581062,750380.0146177708,6853.047713596363
2020-04-20,7131.54,7220.2,6758.8,6835.29,159.93143218,1109204.1021873339,6935.497838467078
2020-04-19,7253.0,7253.0,7067.6,7130.7,36.28100651,259459.3506007681,7151.382377698214
2020-04-18,7047.3,7278.2,7047.3,7247.2,71.00802492,510146.8963259631,7184.355527431042
2020-04-17,7111.5,7147.06,7021.2,7045.47,91.13141441,644289.6205497126,7069.895981763823
2020-04-16,6611.0,7184.5,6490.06,7104.3,365.65757931,2534099.6717808503,6930.253371371986
2020-04-15,6866.6,6931.96,6612.5,6634.55,74.37701435,500669.0584671001,6731.502505748269
2020-04-14,6859.5,6983.1,6789.0,6884.5,148.1390826,1018328.7927682715,6874.139996653862
2020-04-13,6900.0,6907.4,6594.1,6860.41,315.41005227,2134281.112238605,6766.687037645843
2020-04-12,6900.0,7192.0,6796.02,6919.5,135.9185646,957896.9205809045,7047.579728346432
2020-04-11,6880.1,6937.1,6779.6,6876.75,75.80907822,519861.3979432369,6857.508495678904
2020-04-10,7275.8,7292.9,6761.2,6880.1,204.95737269,1412397.78408981,6891.178226733398
2020-04-09,7342.3,7368.13,7122.8,7290.1,87.74648795,638191.1140878877,7273.124303864377
2020-04-08,7195.2,7403.9,7162.1,7368.3,215.0273243,1571188.5979318656,7306.925308430976
2020-04-07,7319.4,7448.76,7086.4,7195.0,189.3699924,1378721.9798915768,7280.572610360289
2020-04-06,6774.5,7341.0,6765.73,7318.4,230.27130782,1627322.611069161,7066.979496816941
2020-04-05,6863.2,6889.6,6685.2,6774.5,128.73082405,872972.5723753996,6781.3795088916
2020-04-04,6719.4,6981.9,6676.35,6859.9,269.63072868,1835584.6643151634,6807.772516513311
2020-04-03,6795.3,7030.7,6617.2,6748.76,319.99843104,2180145.777460314,6812.988958648336
2020-04-02,6661.9,7230.3,6573.2,6810.0,479.56917167,3278171.1181261907,6835.658569775548
2020-04-01,6419.8,6693.32,6176.0,6649.8,352.27833405,2257670.22763848,6408.768321579615
2020-03-31,6398.4,6520.7,6359.5,6421.9,117.70601407,759218.425011186,6450.124328903684
2020-03-30,5904.8,6590.7,5870.9,6398.3,348.40039561,2210858.3881152454,6345.740177029202
2020-03-29,6283.9,6283.9,5885.5,5908.9,186.16323995,1131535.436916565,6078.189427840192
2020-03-28,6365.9,6365.9,6045.3,6264.6,404.20351416,2517856.77829726,6229.180821274582
2020-03-27,6752.31,6860.8,6298.6,6382.9,216.71906003,1438962.5468871298,6639.760003979055
2020-03-26,6680.0,6775.3,6543.1,6750.4,189.49500143,1260638.3083169588,6652.620379449124
2020-03-25,6756.3,6945.4,6489.33,6681.0,371.07062606,2475412.020466056,6670.999660495355
2020-03-24,6493.6,6803.9,6408.1,6758.6,157.53492416,1048490.6759985226,6655.607838003118
2020-03-23,5825.0,6605.77,5690.7,6482.3,144.28813993,894144.4909103638,6196.936846951865
2020-03-22,6185.6,6389.54,5763.4,5828.79,171.0844849,1026051.8178362446,5997.339960055283
2020-03-21,6201.1,6441.5,5879.2,6193.8,174.99334028,1083465.0556268832,6191.464508839443
2020-03-20,6205.61,6896.62,5706.4,6210.8,442.99660962,2814583.4969738345,6353.510243313526
2020-03-19,5436.7,6414.5,5296.2,6205.61,521.29166937,2985484.519218143,5727.090407614238
2020-03-18,5368.08,5458.3,5065.8,5412.2,394.61702436,2074095.1334416198,5255.969726104547
2020-03-17,5087.97,5530.4,5005.8,5368.08,327.94531833,1746072.91883264,5324.280668875475
2020-03-16,5410.3,5449.1,4810.3,5080.1,437.23092942,2191381.2761880863,5011.953932662127
2020-03-15,5200.7,5860.9,5185.8,5410.3,142.62587878,785467.1297949804,5507.185207297206
2020-03-14,5637.3,5689.6,5000.0,5207.8,122.04224949,671356.0601162423,5501.013484442971
2020-03-13,4853.8,6088.7,3500.0,5402.6,497.8393937,2667103.160031331,5357.356596891843
2020-03-12,7948.1,7954.7,4082.3,4896.2,890.00647979,5984264.195102658,6723.843400010615
2020-03-11,7889.7,7990.0,7587.48,7963.3,303.89920818,2375340.035386776,7816.210017828856
2020-03-10,7948.4,8183.7,7776.7,7902.1,362.90019182,2880592.0032530553,7937.697659531262
2020-03-09,8049.7,8163.3,7661.17,7945.4,470.03788939,3714482.887615379,7902.518012826417
2020-03-08,8917.2,8917.2,7979.59,8051.0,361.69793462,3050170.104336852,8432.92098845231
2020-03-07,9160.8,9226.96,8877.2,8926.1,66.21272639,602456.4912647345,9098.802059836675
2020-03-06,9056.0,9182.3,9010.2,9154.13,65.71506165,598215.4419322123,9103.170976515587
2020-03-05,8766.5,9181.0,8766.0,9066.1,89.39192003,805463.2102022177,9010.469961176621
2020-03-04,8773.0,8851.0,8660.9,8762.9,86.53568762,759134.8475515238,8772.506100431967
2020-03-03,8923.0,8924.49,8686.1,8775.2,112.34954812,990900.474781092,8819.799379368362
2020-03-02,8546.6,8979.3,8503.7,8915.5,86.0150225,756306.7926282416,8792.729114594391
2020-03-01,8541.1,8764.2,8463.3,8546.1,183.39269963,1569579.5883669413,8558.571805386015
2020-02-29,8742.0,8802.2,8553.4,8553.4,43.54496236,378595.0989536598,8694.348977126087
2020-02-28,8805.2,8892.2,8441.1,8767.0,204.9176763,1768269.827579426,8629.171770378052
2020-02-27,8786.3,8968.0,8490.4,8802.4,190.04677587,1664588.4982432649,8758.835768842053
2020-02-26,9307.5,9359.0,8649.5,8789.7,186.27497986,1669986.508679661,8965.168107572925
2020-02-25,9658.0,9663.5,9249.7,9305.5,84.84649006,799214.2566035541,9419.532334671509
2020-02-24,9970.2,9987.4,9499.5,9672.0,66.19702797,642682.9744312894,9708.637897196057
2020-02-23,9663.6,9984.3,9661.19,9966.7,51.09980304,503697.581555412,9857.133522826436
2020-02-22,9720.0,9728.5,9568.4,9670.2,76.69047024,739899.9275713358,9647.87313542147
2020-02-21,9601.0,9750.0,9556.12,9669.0,48.15108588,464158.427961162,9639.62534755534
2020-02-20,9590.5,9677.9,9342.6,9601.0,104.25278191,996451.6985512163,9558.034618313008
2020-02-19,10192.2,10268.3,9339.2,9612.4,154.69942267,1523342.1802415855,9847.109665632892
2020-02-18,9709.2,10251.9,9626.9,10177.0,73.68384891,734034.15043797,9961.9409313776
2020-02-17,9933.0,9972.9,9485.3,9708.8,105.27662361,1020713.7046375,9695.5398989497
2020-02-16,9905.2,10050.3,9659.2,9933.8,67.76049026,667939.20844831,9857.3550144841
2020-02-15,10372.52,10377.7,9803.0,9896.4,58.39845963,586426.26429777,10041.810486325
2020-02-14,10238.2,10384.3,10110.05,10341.5,131.9831854,1356965.3640574,10281.350309472
2020-02-13,10343.9,10479.8,10071.6,10243.5,295.89514809,3065589.0052062,10360.389567029
2020-02-12,10258.3,10456.7,10244.4,10351.6,145.59716404,1500366.0068411,10304.912301924
2020-02-11,9843.45,10322.2,9704.85,10258.3,224.55176908,2286080.0964327,10180.637212519
2020-02-10,10140.0,10171.2,9775.7,9884.1,73.06541834,724604.53251665,9917.2022685863
2020-02-09,9910.5,10125.5,9910.5,10125.5,13.9897038,139732.41104654,9988.2322774079
2020-02-08,9806.7,9926.3,9668.5,9908.0,59.66223286,586191.2344288,9825.1642006815
2020-02-07,9743.6,9856.9,9724.7,9814.7,69.86462642,683398.50246683,9781.7527622418
2020-02-06,9599.7,9846.6,9531.5,9738.9,157.47395744,1522984.095893,9671.3394433696
2020-02-05,9170.03,9731.2,9160.0,9598.3,113.18473095,1072847.2935301,9478.7281334266
2020-02-04,9302.02,9345.0,9082.4,9166.64,56.6443465,519775.4866055,9176.1229270338
2020-02-03,9316.4,9588.2,9230.46,9277.8,77.69545189,730243.45822657,9398.7928567612
2020-02-02,9359.7,9450.2,9149.8,9340.5,42.49553652,395409.82050772,9304.7376945488
2020-02-01,9357.5,9441.0,9297.6,9383.7,13.67574014,128062.98900119,9364.2455684443
2020-01-31,9484.11,9488.6,9215.5,9339.8,66.03801214,618079.39090332,9359.4487610105
2020-01-30,9279.3,9531.3,9175.8,9484.11,307.84014321,2885573.6556846,9373.6106850631
2020-01-29,9362.4,9407.0,9238.0,9288.7,161.48473035,1508871.9198566,9343.7436257053
2020-01-28,8917.63,9402.0,8903.3,9367.9,107.15842775,982043.03760418,9164.4031946351
2020-01-27,8599.8,8979.72,8579.8,8887.5,20.00757075,174256.57718157,8709.5319746189
2020-01-26,8327.8,8587.4,8300.0,8582.3,12.9343654,109434.74733063,8460.7743748011
2020-01-25,8407.4,8407.4,8266.0,8347.4,5.97098147,49734.013651847,8329.286215629
2020-01-24,8384.9,8500.0,8240.55,8414.9,23.3191127,194742.93910548,8351.2156577674
2020-01-23,8645.6,8645.6,8295.8,8395.0,32.15404269,271610.69024813,8447.1707917648
2020-01-22,8709.29,8776.0,8567.13,8640.0,17.0399921,147437.36290455,8652.4314118992
2020-01-21,8636.4,8749.2,8513.0,8729.3,35.71118943,307788.92182935,8618.8370295721
2020-01-20,8710.03,8714.8,8551.6,8629.5,12.48186734,107747.02715675,8632.2842746023
2020-01-19,8886.23,9168.0,8459.6,8703.2,217.20404606,1950331.0440222,8979.2574282133
2020-01-18,8890.8,8960.0,8822.8,8944.43,16.99893309,151752.8132318,8927.19633805
2020-01-17,8712.7,8979.3,8664.8,8918.6,139.10214167,1229613.1219105,8839.641914555
2020-01-16,8786.56,8825.0,8592.2,8720.0,97.20634565,848746.9561966,8731.3945455021
2020-01-15,8801.8,8875.2,8555.3,8792.7,381.24098295,3338793.800833,8757.6990673923
2020-01-14,8080.9,8838.9,8080.9,8807.9,291.02926224,2474384.3967788,8502.184205581
2020-01-13,8148.21,8148.21,8015.8,8082.0,15.20364083,122972.7640133,8088.3760270532
2020-01-12,7989.6,8148.21,7972.6,8148.21,5.91574103,47718.92250079,8066.4319581937
2020-01-11,8173.2,8240.47,8000.0,8000.0,45.38582842,368961.18529375,8129.4359525485
2020-01-10,7824.9,8173.1,7660.0,8165.9,107.96104356,857165.25333716,7939.5791766387
2020-01-09,8044.4,8044.4,7756.9,7824.9,65.60263637,518846.30729877,7908.9246409621
2020-01-08,8195.9,8449.8,7874.4,8035.0,138.62667743,1140236.8401675,8225.2338532983
2020-01-07,7758.1,8205.2,7733.7,8176.8,87.068802,693094.1827309,7960.3045730536
2020-01-06,7355.01,7785.4,7355.01,7775.26,37.03067547,281824.79340769,7610.5766322305
2020-01-05,7367.45,7480.1,7327.3,7333.01,13.69200079,101469.03628955,7410.8260615686
2020-01-04,7326.61,7381.38,7279.4,7345.41,7.56621388,55459.207657358,7329.8493192157
2020-01-03,6940.7,7384.4,6869.0,7304.7,56.26153685,404263.65930885,7185.4357691414
2020-01-02,7186.8,7187.8,6900.82,6950.0,30.34103668,211845.29580291,6982.1376915099
2020-01-01,7165.9,7232.2,7165.2,7178.82,6.06188393,43690.460411254,7207.4062974106
2019-12-31,7199.9,7221.2,7131.5,7171.1,12.60156611,90537.160096134,7184.5958911637
2019-12-30,0.0,0.0,0.0,0.0,0.0,0.0,0.0
2019-12-29,0.0,0.0,0.0,0.0,0.0,0.0,0.0
2019-12-28,0.0,0.0,0.0,0.0,0.0,0.0,0.0
2019-12-27,0.0,0.0,0.0,0.0,0.0,0.0,0.0
2019-12-26,0.0,0.0,0.0,0.0,0.0,0.0,0.0
2019-12-25,0.0,0.0,0.0,0.0,0.0,0.0,0.0
2019-12-24,0.0,0.0,0.0,0.0,0.0,0.0,0.0
2019-12-23,0.0,0.0,0.0,0.0,0.0,0.0,0.0
2019-12-22,0.0,0.0,0.0,0.0,0.0,0.0,0.0
2019-12-21,0.0,0.0,0.0,0.0,0.0,0.0,0.0
2019-12-20,0.0,0.0,0.0,0.0,0.0,0.0,0.0
2019-12-19,0.0,0.0,0.0,0.0,0.0,0.0,0.0
2019-12-18,0.0,0.0,0.0,0.0,0.0,0.0,0.0
2019-12-17,0.0,0.0,0.0,0.0,0.0,0.0,0.0
2019-12-16,0.0,0.0,0.0,0.0,0.0,0.0,0.0
2019-12-15,0.0,0.0,0.0,0.0,0.0,0.0,0.0
2019-12-14,0.0,0.0,0.0,0.0,0.0,0.0,0.0
2019-12-13,0.0,0.0,0.0,0.0,0.0,0.0,0.0
2019-12-12,0.0,0.0,0.0,0.0,0.0,0.0,0.0
2019-12-11,0.0,0.0,0.0,0.0,0.0,0.0,0.0
2019-12-10,0.0,0.0,0.0,0.0,0.0,0.0,0.0
2019-12-09,0.0,0.0,0.0,0.0,0.0,0.0,0.0
2019-12-08,0.0,0.0,0.0,0.0,0.0,0.0,0.0
2019-12-07,0.0,0.0,0.0,0.0,0.0,0.0,0.0
2019-12-06,0.0,0.0,0.0,0.0,0.0,0.0,0.0
2019-12-05,0.0,0.0,0.0,0.0,0.0,0.0,0.0
2019-04-21,5264.2,5270.8,5233.8,5254.77,0.942,4947.32286,5251.9350955414
2019-04-20,5288.6,5353.9,5288.6,5290.0,9.83087516,52431.572499839,5333.3575746311
2019-04-19,5264.9,5335.1,5204.21,5290.7,15.33857024,80926.520904258,5276.0146244412
2019-04-18,5210.93,5302.4,5210.93,5281.7,23.19710096,121848.90685396,5252.7644322483
2019-04-17,5204.9,5241.6,5183.58,5210.93,9.11273165,47577.522030773,5220.9945226219
2019-04-16,5039.66,5214.47,5026.17,5205.01,27.20870587,140607.8996301,5167.7540380609
2019-04-15,5151.31,5174.72,4960.49,5039.06,6.43345492,32630.491477601,5072.0012626747
2019-04-14,5052.7,5213.5,5048.54,5150.78,21.39489911,110211.69743668,5151.3071816807
2019-04-13,5088.0,5114.9,5037.0,5068.32,7.06218827,35815.629141955,5071.4633726347
2019-04-12,5023.4,5092.08,4913.2,5080.28,12.77545717,63978.961460318,5007.9586670728
2019-04-11,5315.24,5315.24,4962.15,5045.0,40.04464256,203639.93199151,5085.3227541335
2019-04-10,5171.65,5448.3,5171.5,5308.0,27.59166731,146194.32910482,5298.4956458879
2019-04-09,5251.0,5266.15,5157.2,5197.5,23.05009005,120119.58563105,5211.2414906185
2019-04-08,5164.6,5329.1,5144.4,5288.32,30.29844049,160167.04292822,5286.3131018603
2019-04-07,5063.19,5247.5,5060.4,5162.1,15.35584488,79348.823332794,5167.3368644236
2019-04-06,5012.2,5218.21,4914.82,5048.05,35.3471171,178851.16351563,5059.8515010331
2019-04-05,4908.7,5054.01,4903.8,5033.35,28.4442895,141964.36153292,4990.9617722361
2019-04-04,4952.8,5063.7,4799.8,4899.41,22.75427516,112818.38411897,4958.118126184
2019-04-03,4901.68,5329.9,4847.3,4973.6,124.49273918,628747.53792987,5050.4755704731
2019-04-02,4133.0,5079.8,4131.76,4901.73,142.51853913,659750.26187094,4629.2241409319
2019-04-01,4090.1,4143.9,4061.19,4133.0,17.98078774,74081.71731417,4120.0484864947
2019-03-31,4093.34,4098.7,4079.46,4093.4,4.38760139,17937.76924723,4088.2859796957
2019-03-30,4086.6,4124.44,4046.8,4093.9,16.43134057,67078.782369331,4082.3682087024
2019-03-29,4011.98,4096.38,4004.67,4091.21,25.16583613,101831.45450382,4046.4164980564
2019-03-28,4019.8,4020.5,3999.9,4019.67,18.78995879,75332.285627933,4009.1777991565
2019-03-27,3919.52,4031.81,3919.52,4029.36,32.60409653,130208.77813345,3993.6324570025
2019-03-26,3909.1,3923.5,3888.12,3920.04,16.03327621,62657.062479039,3907.9388178917
2019-03-25,3966.54,3971.9,3889.3,3909.3,2.56148524,10104.26808407,3944.6911214954
2019-03-24,3987.3,4003.4,3955.13,3966.54,9.52,37992.2307,3990.7805357143
2019-03-23,3982.2,4007.23,3966.23,3982.7,9.44816252,37817.077892001,4002.585456373
2019-03-22,3983.88,3995.86,3976.7,3995.86,10.17489151,40507.618085379,3981.1351350103
2019-03-21,4034.54,4056.6,3928.5,3989.78,24.51522768,98033.188519863,3998.8691844719
2019-03-20,3998.58,4058.4,3969.9,4034.9,33.24368886,133274.14836679,4009.0060079689
2019-03-19,3966.2,4005.56,3961.36,3998.11,23.2281254,92467.396359611,3980.8376598316
2019-03-18,3965.1,4011.4,3942.2,3979.55,35.62855419,141934.63119568,3983.7325544779
2019-03-17,3987.88,3990.4,3939.27,3969.1,26.55056273,105197.77979849,3962.1676146103
2019-03-16,3903.3,4018.8,3903.3,3987.88,50.08079896,198724.50646083,3968.077798031
2019-03-15,3863.45,3959.1,3846.5,3896.96,25.44745984,99433.167060859,3907.3906663393
2019-03-14,3855.0,3895.55,3813.3,3864.4,30.44809107,117231.92176838,3850.2223833628
2019-03-13,3863.4,3870.5,3850.0,3855.0,27.61770833,106677.14720619,3862.6357383286
2019-03-12,3843.0,3874.4,3802.9,3871.4,14.99093428,57741.100314938,3851.7346041582
2019-03-11,3906.72,3917.3,3821.1,3854.3,35.97778115,139256.90922654,3870.6363976685
2019-03-10,3912.8,3925.84,3874.0,3898.73,12.01144083,46969.326935884,3910.382409625
2019-03-09,3850.7,3942.14,3850.7,3912.05,15.56936997,60448.394135359,3882.5202466018
2019-03-08,3850.67,3903.8,3798.0,3839.49,25.30216539,97375.715117805,3848.5131061664
2019-03-07,3845.9,3882.82,3835.4,3850.73,10.01245832,38629.139766119,3858.107422925
2019-03-06,3841.4,3880.14,3799.01,3846.81,36.62672155,140673.3440701,3840.72988564
2019-03-05,3699.69,3864.2,3694.6,3841.4,47.39852546,178060.35863838,3756.6645145669
2019-03-04,3783.57,3814.1,3682.0,3697.38,39.48591615,148680.5344143,3765.4067300729
2019-03-03,3806.66,3826.77,3766.18,3780.03,25.36943362,96420.570410937,3800.6591654819
2019-03-02,3810.2,3826.67,3773.2,3807.3,14.802464,56442.617384567,3813.0555416022
2019-03-01,3795.02,3838.28,3774.5,3810.1,10.18265965,38630.21008426,3793.7249610675
2019-02-28,3802.2,3883.6,3772.2,3795.8,54.05773177,206600.17117017,3821.8431370594
2019-02-27,3794.5,3817.1,3681.0,3799.26,34.24890787,128257.20837172,3744.8554230852
2019-02-26,3826.49,3832.9,3774.4,3795.5,23.49952913,89499.42752942,3808.5625900973
2019-02-25,3740.23,3858.0,3740.23,3835.3,42.08169074,159439.344521,3788.8055759473
2019-02-24,4111.8,4177.7,3714.59,3737.41,87.99247173,340375.90484698,3868.2389317509
2019-02-23,3945.1,4145.2,3912.7,4114.4,29.31367091,117637.50172059,4013.0593702088
2019-02-22,3898.95,3951.0,3897.8,3951.0,6.39118061,25152.227567038,3935.4587363223
2019-02-21,3925.5,3975.5,3884.3,3894.15,9.52651911,37553.584028571,3942.0047968151
2019-02-20,3893.8,3950.4,3851.59,3936.32,36.1573541,141225.97824411,3905.8714820095
2019-02-19,3868.97,3958.3,3848.2,3885.13,18.59376795,72636.662896471,3906.5058298993
2019-02-18,3631.18,3906.94,3630.6,3865.08,32.90961613,123709.50684799,3759.0686673254
2019-02-17,3577.93,3649.43,3558.27,3632.0,22.98915471,82989.321277446,3609.9335675594
2019-02-16,3563.93,3603.5,3563.93,3578.39,13.73530773,49273.233911651,3587.3410978649
2019-02-15,3563.3,3604.33,3541.8,3563.93,10.48415367,37495.791967611,3576.4252554695
2019-02-14,3568.12,3578.6,3539.4,3564.13,6.40699232,22870.721441549,3569.6502039117
2019-02-13,3579.3,3617.4,3550.8,3568.82,69.28695946,247669.94352893,3574.5535012531
2019-02-12,3582.78,3609.3,3551.3,3586.9,36.49997118,130753.5975814,3582.2931732353
2019-02-11,3635.62,3635.62,3578.0,3586.3,11.56583243,41621.986239434,3598.7021679021
2019-02-10,3616.11,3639.7,3582.8,3635.82,20.149,72795.56781,3612.8625643953
2019-02-09,3611.4,3629.7,3591.37,3616.11,38.98166302,140937.40898089,3615.4796399677
2019-02-08,3351.68,3698.92,3343.0,3621.3,89.49295706,317214.58263326,3544.5759426698
2019-02-07,3366.02,3371.54,3338.69,3349.89,12.363758,41457.67147167,3353.1610269038
2019-02-06,3422.63,3435.4,3343.8,3373.14,17.56923692,59276.396261597,3373.8742628099
2019-02-05,3410.16,3430.4,3399.2,3422.43,6.50116022,22248.826733214,3422.2855583175
2019-02-04,3409.96,3431.4,3398.0,3410.32,49.065071,167540.19436326,3414.6530505023
2019-02-03,3456.48,3458.4,3385.7,3410.45,2.73447926,9367.589255203,3425.7305923772
2019-02-02,3439.2,3474.7,3416.8,3470.03,13.8280955,47587.150117149,3441.3379714617
2019-02-01,3409.66,3448.8,3372.0,3448.8,8.15189858,27729.676701797,3401.6218957666
2019-01-31,3437.2,3463.88,3390.7,3410.0,74.53531386,255377.55639578,3426.2625750185
2019-01-30,3381.02,3454.1,3376.7,3434.0,67.00397557,228808.30117701,3414.846645002
2019-01-29,3434.5,3434.5,3348.2,3381.0,22.03169521,74800.910237843,3395.1500111481
2019-01-28,3531.26,3531.26,3322.8,3434.7,338.23684303,1144262.7653727,3383.0222489134
2019-01-27,3549.5,3558.8,3477.4,3531.26,10.36029083,36407.792404548,3514.167025034
2019-01-26,3561.12,3636.5,3541.2,3562.5,25.42071865,91502.644704508,3599.5302085808
2019-01-25,3567.91,3567.91,3419.2,3557.2,323.31388987,1130087.0284114,3495.3247101934
2019-01-24,3546.2,3578.43,3520.3,3567.91,51.2115816,181272.55590224,3539.6789210322
2019-01-23,3572.22,3600.4,3519.78,3555.0,73.51265084,262143.6245423,3565.9661506814
2019-01-22,3542.87,3600.0,3450.3,3572.9,64.80816593,228550.27568609,3526.5660184389
2019-01-21,3543.92,3558.0,3471.7,3532.27,59.18199759,207938.42897785,3513.5419121605
2019-01-20,3683.0,3694.6,3494.1,3537.0,66.85471482,239387.98942782,3580.7196257189
2019-01-19,3612.3,3743.4,3611.0,3701.6,55.54053454,204689.75089576,3685.4119714736
2019-01-18,3634.57,3634.6,3510.0,3615.71,144.13825089,514883.43313572,3572.1498627637
2019-01-17,3612.6,3649.59,3548.5,3636.72,131.62426347,470940.58992576,3577.9162405957
2019-01-16,3583.69,3658.67,3570.9,3606.3,55.70751781,200302.04139498,3595.6016219955
2019-01-15,3681.01,3684.1,3560.7,3587.1,56.20338193,202869.03147116,3609.552032364
2019-01-14,3520.53,3706.4,3520.53,3668.9,64.92227109,235120.39565659,3621.5676332494
2019-01-13,3614.3,3635.6,3489.23,3508.5,40.57202952,143946.75042006,3547.9307326517
2019-01-12,3632.1,3649.0,3578.41,3618.91,17.67347524,63897.404203476,3615.4408420399
2019-01-11,3628.5,3687.4,3584.7,3630.5,31.35606607,114142.18563775,3640.1947037278
2019-01-10,4011.06,4032.7,3553.9,3633.24,199.56362623,749280.47316138,3754.5943983691
2019-01-09,3985.0,4038.3,3957.1,3999.05,49.76273059,198761.4614707,3994.183179141
2019-01-08,3991.09,4101.6,3958.7,4000.4,46.87370197,188432.66653847,4020.008205434
2019-01-07,4052.13,4057.02,3925.3,3990.0,156.98981808,624480.27748956,3977.8393600745
2019-01-06,3800.77,4075.23,3766.9,4052.09,116.32199934,458574.12896271,3942.2820409262
2019-01-05,3838.19,3865.4,3789.39,3800.76,33.59387349,128671.30538346,3830.2015223628
2019-01-04,3783.03,3851.51,3732.8,3837.3,9.85123884,37324.244719979,3788.7869055034
2019-01-03,3883.9,3893.69,3722.41,3795.9,87.53461261,333361.13422573,3808.3350606803
2019-01-02,3827.85,3955.8,3778.1,3909.19,56.10229857,217102.86156193,3869.7676761149
2019-01-01,3706.2,3825.8,3665.95,3819.8,54.4287354,203577.88436352,3740.2648227525
2018-12-31,3838.9,3838.9,3625.5,3699.12,163.67361976,605488.01347868,3699.3622696592
2018-12-30,3754.9,3856.47,3715.2,3829.3,54.01096828,205064.01679222,3796.7106186495
2018-12-29,3890.1,3933.4,3729.9,3752.1,104.39835141,403319.4742847,3863.2743605381
2018-12-28,3601.0,3926.0,3589.7,3880.5,81.17644288,305159.6580765,3759.2144623485
2018-12-27,3814.4,3838.4,3581.1,3598.79,92.8790072,342463.91422398,3687.2047252458
2018-12-26,3787.3,3872.8,3702.1,3811.89,50.86685014,193161.08218771,3797.3863460402
2018-12-25,4031.69,4031.69,3687.94,3775.49,132.1746266,502532.92247103,3802.0377692599
2018-12-24,3962.13,4228.6,3962.13,4052.8,149.38795511,613560.94620822,4107.1647694516
2018-12-23,3982.79,4051.2,3920.4,3950.28,75.35048652,299988.84853625,3981.2463381591
2018-12-22,3861.4,4015.94,3800.46,3986.5,86.97720172,340421.85926085,3913.92057377
2018-12-21,4072.86,4150.0,3788.1,3856.8,144.73984451,578410.47797809,3996.2076782397
2018-12-20,3673.13,4168.2,3673.13,4081.1,248.15268696,986057.26615234,3973.5909299716
2018-12-19,3674.4,3922.0,3643.1,3696.6,151.42435959,568148.51856757,3752.0285382477
2018-12-18,3506.34,3680.81,3439.45,3661.74,119.52054678,422815.0550626,3537.5930453269
2018-12-17,3199.7,3567.4,3195.7,3504.9,285.50017589,973944.30593884,3411.3614918195
2018-12-16,3190.2,3262.11,3182.0,3196.28,76.77095716,247498.13117174,3223.8510541939
2018-12-15,3198.18,3231.04,3136.7,3194.5,55.53774179,176865.56337205,3184.6012760262
2018-12-14,3269.17,3288.9,3148.42,3197.8,188.23633776,605655.86213545,3217.5289284881
2018-12-13,3437.8,3439.9,3229.06,3271.1,146.76268794,494433.66705728,3368.9330305767
2018-12-12,3344.1,3483.98,3337.5,3440.0,102.59598554,350304.56528482,3414.4081119845
2018-12-11,3420.5,3420.63,3305.5,3350.0,103.50971986,348552.36313049,3367.3394498789
2018-12-10,3547.21,3597.2,3412.9,3424.52,46.36705466,161499.93785795,3483.0751929834
2018-12-09,3404.3,3637.6,3386.6,3546.31,140.86011586,493327.25363286,3502.2493813875
2018-12-08,3380.9,3481.3,3261.2,3396.23,160.84811202,543185.44039014,3377.0084930969
2018-12-07,3438.5,3569.97,3223.7,3375.9,423.22062931,1425230.4415477,3367.5826338413
2018-12-06,3701.4,3836.9,3453.7,3453.7,321.96178546,1172473.3554483,3641.6537874927
2018-12-05,3911.1,3915.4,3656.9,3701.4,111.60716409,420558.33141686,3768.2019326082
2018-12-04,3844.1,4038.5,3779.2,3911.31,160.33702581,625926.41178418,3903.8170292987
2018-12-03,4115.11,4115.11,3797.4,3840.1,103.00315363,404809.22176166,3930.0662891913
2018-12-02,4155.1,4265.5,4075.9,4102.8,67.26507267,279049.70270435,4148.5081577679
2018-12-01,3981.7,4264.4,3931.0,4156.0,134.4622536,550866.78736012,4096.8135860555
2018-11-30,4263.2,4299.1,3874.4,3983.8,179.80763534,719096.99006119,3999.2572545734
2018-11-29,4234.34,4391.1,4101.78,4229.6,213.44882969,901745.69919133,4224.645787475
2018-11-28,3783.4,4363.0,3783.4,4227.68,385.2723333,1560377.43112,4050.0635427278
2018-11-27,3739.6,3831.0,3633.4,3782.57,248.79436721,925707.99512447,3720.7755364618
2018-11-26,3951.3,4089.5,3558.0,3735.9,408.39970622,1533940.4513052,3755.9783416662
2018-11-25,3786.78,4115.0,3526.9,3977.6,767.09165763,2895006.3236208,3774.0031387711
2018-11-24,4315.8,4375.7,3684.3,3785.6,206.32564421,806207.85958713,3907.4534950515
2018-11-23,4296.95,4353.97,4132.1,4302.16,111.70564311,473875.07367851,4242.176675102
2018-11-22,4564.95,4587.7,4279.44,4280.3,74.02143268,331410.66306167,4477.2257312876
2018-11-21,4376.6,4636.6,4274.1,4557.8,267.82640313,1193614.5101621,4456.6722929954
2018-11-20,4793.16,4900.1,4098.8,4376.6,488.06501403,2199601.9213798,4506.7805684686
2018-11-19,5579.0,5579.0,4715.5,4800.4,218.47707786,1102160.3248941,5044.7412410028
2018-11-18,5517.6,5598.88,5505.5,5575.2,28.00867258,155191.8925607,5540.8513958463
2018-11-17,5518.0,5540.4,5460.3,5517.6,22.581048,124370.12372803,5507.7215073466
2018-11-16,5592.3,5620.7,5443.1,5529.4,71.13767599,394266.09976486,5542.2965999098
2018-11-15,5697.3,5733.3,5261.6,5609.0,137.87185034,766984.01993047,5563.0211536223
2018-11-14,6272.3,6298.4,5336.1,5668.01,454.20484756,2588229.0325447,5698.3738646752
2018-11-13,6331.4,6331.4,6266.3,6271.5,26.03888633,164025.59021488,6299.2552037797
2018-11-12,6368.33,6373.4,6305.1,6335.7,3.76463203,23890.366597342,6346.0031171604
2018-11-11,6350.1,6356.4,6281.0,6356.2,6.97462067,44034.593403397,6313.5467126985
2018-11-10,6329.1,6369.3,6316.7,6347.1,5.79840983,36767.582749856,6340.9768932901
2018-11-09,6401.3,6407.4,6265.8,6330.6,30.32204837,192281.26952987,6341.3021173104
2018-11-08,6498.9,6498.9,6397.3,6404.9,48.29591615,311263.78292215,6444.9296697346
2018-11-07,6452.7,6525.3,6452.7,6494.8,36.37832133,235914.51943689,6485.0303920521
2018-11-06,6398.9,6438.0,6311.4,6438.0,46.85331034,298375.21146445,6368.2845310018
2018-11-05,6413.4,6424.38,6378.1,6398.9,32.55028383,208134.81310957,6394.254937886
2018-11-04,6316.8,6435.2,6316.8,6406.9,21.77894897,139031.40072373,6383.7516179151
2018-11-03,6348.93,6348.93,6317.0,6336.5,6.34337294,40172.894444358,6333.0494398392
2018-11-02,6339.7,6366.2,6312.9,6348.7,12.73754669,80730.660132116,6338.0070037738
2018-11-01,6293.6,6359.9,6269.6,6344.8,24.92161708,157006.71256881,6300.0210646366
2018-10-31,6269.8,6337.8,6189.8,6303.2,51.32463031,322059.62869727,6274.9527225434
2018-10-30,6241.7,6288.7,6241.7,6272.0,21.97090291,137719.07359549,6268.2482444912
2018-10-29,6401.1,6416.02,6039.7,6241.7,144.80666682,901828.32969455,6227.8094613942
2018-10-28,6406.4,6427.62,6377.1,6400.1,10.02924148,64218.542589391,6403.1305575256
2018-10-27,6402.2,6421.0,6372.11,6372.4,17.03978359,108966.29224059,6394.8166750511
2018-10-26,6395.0,6431.4,6370.2,6381.05,36.5835943,233962.87392147,6395.2948964741
2018-10-25,6417.4,6429.59,6375.7,6407.5,21.52916873,137912.43884218,6405.8413295819
2018-10-24,6388.0,6443.5,6267.4,6416.8,81.90853893,521676.88586208,6369.0171095338
2018-10-23,6411.9,6411.9,6374.3,6396.7,51.78318507,330664.86431704,6385.5644234717
2018-10-22,6410.0,6424.63,6371.5,6411.9,22.71651386,145309.46008507,6396.6443522365
2018-10-21,6411.5,6449.6,6391.5,6417.6,24.49158502,157421.44614599,6427.5728180693
2018-10-20,6385.81,6421.89,6362.7,6413.2,25.00185912,160105.65320162,6403.749914483
2018-10-19,6424.66,6424.66,6369.2,6393.4,20.14417276,128746.81293004,6391.2683069165
2018-10-18,6460.0,6483.2,6380.6,6424.66,29.58945702,190600.61801105,6441.5044142993
2018-10-17,6473.9,6478.49,6424.0,6466.1,41.09161668,265120.95186696,6451.9474600278
2018-10-16,6450.0,6517.6,6407.23,6468.5,57.51070247,370872.01535435,6448.7477882541
2018-10-15,6198.4,6716.39,6180.5,6460.3,283.0027062,1833978.0554874,6480.425859219
2018-10-14,6223.0,6274.3,6178.6,6178.6,16.90977684,105558.03657692,6242.4263534469
2018-10-13,6211.9,6229.0,6211.9,6218.3,0.38649042,2405.244815625,6223.2973733864
2018-10-12,6169.0,6250.0,6150.0,6217.0,32.33524966,200581.56821423,6203.1860067053
2018-10-11,6519.4,6519.4,6117.9,6169.0,81.06665448,508180.15120432,6268.6705707054
2018-10-10,6594.32,6600.0,6468.3,6535.0,77.74228023,509585.59263693,6554.8063567126
2018-10-09,6605.9,6605.9,6545.6,6598.1,8.88887796,58530.270045279,6584.6634759376
2018-10-08,6566.35,6633.4,6552.1,6607.7,20.57955663,135652.95182159,6591.6362660523
2018-10-07,6563.9,6580.9,6516.7,6546.71,12.68409242,83076.005446481,6549.6215807674
2018-10-06,6579.6,6583.7,6537.9,6549.13,11.46948049,75238.755315125,6559.9096123599
2018-10-05,6542.2,6594.0,6513.7,6594.0,50.60674465,331930.45983589,6559.0162365027
2018-10-04,6475.0,6601.4,6475.0,6546.6,47.30009272,308964.53893963,6532.0070463412
2018-10-03,6497.0,6504.88,6403.62,6475.0,18.00826532,116277.48501034,6456.8953724379
2018-10-02,6557.6,6585.09,6475.9,6503.0,29.46523925,192347.25036797,6527.9378435037
2018-10-01,6599.4,6629.53,6498.7,6558.19,23.7853402,156141.35311844,6564.6045759918
2018-09-30,6564.6,6625.0,6522.6,6600.2,18.98837721,125037.45297644,6584.9467594624
2018-09-29,6610.8,6612.64,6467.69,6576.6,48.77452737,318312.02472444,6526.193935407
2018-09-28,6686.2,6750.0,6541.4,6618.1,76.90225435,510598.73907689,6639.5808990597
2018-09-27,6468.4,6711.6,6441.6,6680.0,23.95766777,156426.72629249,6529.2969163036
2018-09-26,6418.0,6531.6,6400.4,6476.3,40.2511904,260946.22781765,6482.9443607622
2018-09-25,6570.01,6570.01,6331.4,6417.8,53.86367105,345512.25662227,6414.5694099005
2018-09-24,6667.1,6671.68,6560.0,6570.01,17.75289216,117429.67522043,6614.6785640377
2018-09-23,6691.72,6750.0,6659.8,6698.13,11.96442068,80043.765333228,6690.1496924988
2018-09-22,6625.0,6739.98,6625.0,6691.72,31.32408786,209427.24636203,6685.8210619907
2018-09-21,0.0,0.0,0.0,0.0,0.0,0.0,0.0
2018-09-20,6350.04,6401.7,6350.0,6374.7,18.49891605,117940.76481322,6375.5500319287
2018-09-19,6330.3,6481.4,6110.0,6350.0,158.85595599,1006429.7301403,6335.4862829547
2018-09-18,6251.3,6376.0,6233.3,6340.0,70.31807437,443597.78073481,6308.4460817384
2018-09-17,6499.1,6515.4,6212.3,6253.8,68.28496701,434016.14001643,6355.9544511879
2018-09-16,6482.78,6499.1,6385.8,6492.0,41.0323044,264237.24933817,6439.7370121424
2018-09-15,6477.9,6551.0,6471.53,6513.13,21.07540209,137181.67939119,6509.0895445492
2018-09-14,6486.3,6583.5,6422.52,6486.06,67.45636249,437723.20280295,6488.9831981058
2018-09-13,6323.6,6515.6,6323.6,6505.4,63.38207399,406811.81150029,6418.4048563081
2018-09-12,6278.48,6334.0,6205.1,6334.0,44.52017679,279190.91134851,6271.1096738327
2018-09-11,6305.71,6380.88,6201.56,6278.48,98.96462626,624192.50454211,6307.2284323312
2018-09-10,6231.5,6337.9,6231.5,6299.67,66.60586083,418981.58435514,6290.4612166866
2018-09-09,6182.5,6414.5,6161.33,6241.3,132.27295255,836188.94213795,6321.6925759774
2018-09-08,6395.59,6464.6,6142.6,6204.0,113.28065195,711545.58729844,6281.2631729248
2018-09-07,6496.9,6542.1,6354.83,6395.59,79.67066194,514776.47180658,6461.30531957
2018-09-06,6665.3,6687.4,6271.5,6498.37,158.86146621,1018333.1946741,6410.1963740407
2018-09-05,7352.6,7382.34,6661.9,6680.9,161.10809696,1140415.3558061,7078.5725691321
2018-09-04,7254.8,7378.9,7235.0,7352.6,39.52703475,289200.17774603,7316.5158878008
2018-09-03,7295.67,7317.8,7190.9,7240.0,24.80554106,179989.03601598,7256.0012128186
2018-09-02,7182.8,7321.6,7135.2,7287.7,29.768857,215753.69192102,7247.6310367247
2018-09-01,7010.5,7233.0,7009.71,7185.9,91.24815143,648287.99841079,7104.669938526
2018-08-31,6985.5,7063.3,6893.78,7007.0,58.69356274,409866.41199354,6983.1578261685
2018-08-30,7024.7,7036.7,6808.8,6984.1,93.13021899,646085.57722461,6937.4429076988
2018-08-29,7074.68,7093.95,6929.29,7022.4,113.18654318,794106.8070124,7015.9118275176
2018-08-28,6886.5,7116.3,6831.2,7074.0,81.12909324,566053.23932794,6977.1917412341
2018-08-27,6686.1,6900.9,6647.3,6881.5,68.98307432,464460.21723587,6732.959089085
2018-08-26,6717.0,6755.1,6565.0,6701.6,79.34558673,528581.47780007,6661.7627972019
2018-08-25,6677.8,6786.3,6657.3,6735.1,110.99763185,744787.12630687,6709.9370850845
2018-08-24,6519.1,6709.3,6464.05,6676.5,111.90493202,731620.43828246,6537.8748288923
2018-08-23,6359.53,6535.4,6355.4,6511.9,129.47917924,832912.5954601,6432.7917457388
2018-08-22,6480.83,6863.47,6250.0,6340.51,320.11272648,2090095.3958166,6529.2480520832
2018-08-21,6258.9,6490.81,6256.03,6471.21,134.81586844,862366.38323691,6396.6237299484
2018-08-20,6489.4,6520.8,6256.01,6262.34,155.05038217,996037.10108359,6423.9577300204
2018-08-19,6402.1,6542.0,6335.6,6486.9,141.56235149,907754.83147706,6412.4028876504
2018-08-18,6588.7,6615.5,6327.3,6405.6,144.29028005,930099.03524567,6446.0269598435
2018-08-17,6325.5,6583.88,6304.2,6582.64,143.91470967,931340.32065259,6471.4741306721
2018-08-16,6254.2,6464.37,6220.4,6320.35,158.13156447,1001337.3497989,6332.3053379953
2018-08-15,6190.0,6593.4,6185.48,6264.6,329.42363576,2096869.9769319,6365.2687582489
2018-08-14,6275.3,6277.36,5925.0,6190.0,247.52604608,1508130.2475557,6092.814358083
2018-08-13,6340.8,6537.4,6161.0,6281.65,138.19145507,876809.78178167,6344.8914503254
2018-08-12,6257.83,6467.09,6190.3,6332.3,222.34440971,1410609.3175798,6344.2535812778
2018-08-11,6200.0,6490.89,6091.4,6258.19,279.52838822,1743475.0699855,6237.202171442
2018-08-10,6557.41,6580.2,6052.6,6189.0,266.46978864,1689880.5256179,6341.7340263698
2018-08-09,6270.28,6618.69,6205.9,6535.31,346.38714236,2220166.0246656,6409.4931744267
2018-08-08,6714.5,6714.5,6115.0,6271.94,261.1632522,1664258.0463638,6372.4817038553
2018-08-07,6931.1,7134.08,6685.34,6707.5,175.13800628,1210509.1626489,6911.7445628199
2018-08-06,7028.0,7150.92,6825.5,6930.86,111.06554942,774725.1686023,6975.3868111942
2018-08-05,7007.18,7058.05,6880.49,7037.1,80.71704204,562952.70070762,6974.397060148
2018-08-04,7399.1,7460.24,6914.7,7003.5,122.71697824,874756.84323189,7128.2462767385
2018-08-03,7530.96,7541.39,7287.4,7399.09,90.09788849,666491.36460206,7397.4138103806
2018-08-02,7593.74,7673.4,7457.63,7534.9,74.00927568,559681.04957306,7562.309513648
2018-08-01,7708.59,7731.72,7439.9,7592.8,96.10036102,725713.97147554,7551.6258604326
2018-07-31,8138.0,8141.3,7636.0,7717.34,118.72305546,935314.53045873,7878.1204445488
2018-07-30,8186.2,8237.3,7846.24,8153.99,74.17402943,599034.08197706,8076.0622900012
2018-07-29,8211.7,8241.3,8130.0,8176.3,31.43844783,257183.91697137,8180.5538989096
2018-07-28,8184.76,8213.8,8053.0,8203.7,36.20538576,295530.6893023,8162.6167792088
2018-07-27,7928.28,8257.9,7779.0,8167.25,58.46128177,468574.26578843,8015.1213179333
2018-07-26,8157.66,8286.2,7834.7,7922.5,145.28310873,1183028.4314639,8142.9179331678
2018-07-25,8351.2,8475.8,8023.21,8152.6,124.28041266,1023524.6841386,8235.6073835926
2018-07-24,7713.94,8462.81,7700.74,8385.1,137.232087,1101739.9400706,8028.2969104052
2018-07-23,7379.1,7794.2,7372.39,7713.94,140.71797869,1079991.4731735,7674.8648838447
2018-07-22,7401.87,7528.63,7326.03,7395.43,100.61959331,746368.56200756,7417.7258867273
2018-07-21,7336.8,7438.3,7207.43,7409.7,87.5915357,642555.48488012,7335.8170940268
2018-07-20,7434.83,7615.82,7287.2,7336.96,138.95135914,1036154.2987047,7456.9569172812
2018-07-19,7310.12,7462.4,7258.53,7435.96,36.64818563,269289.73305707,7347.9690311499
2018-07-18,7299.3,7488.7,7203.51,7311.11,57.10607673,420509.71079805,7363.6596116773
2018-07-17,6731.9,7425.0,6660.54,7299.3,178.58190822,1242245.1066529,6956.1643675718
2018-07-16,6342.4,6747.35,6318.0,6728.3,125.62379297,817392.16055235,6506.6667804526
2018-07-15,6255.1,6389.99,6220.5,6342.7,69.20477786,437499.47951226,6321.8103293
2018-07-14,6222.4,6300.0,6200.0,6248.03,59.39939829,370787.53389634,6242.2776083704
2018-07-13,6230.7,6325.0,6123.7,6218.3,65.19554975,406476.51458032,6234.7279245133
2018-07-12,6371.64,6371.64,6077.51,6225.3,132.92559354,824934.08220261,6205.9838157079
2018-07-11,6312.7,6395.28,6290.8,6377.6,93.68009392,594277.81084153,6343.6935849896
2018-07-10,6653.1,6674.59,6275.99,6308.4,121.59359681,784744.36995808,6453.8297290794
2018-07-09,6691.7,6788.0,6635.0,6647.98,94.8955666,635810.54263067,6700.1079756519
2018-07-08,6739.65,6740.0,6658.96,6691.7,37.1669,249622.81448,6716.2667448725
2018-07-07,6595.91,6748.8,6499.4,6724.47,89.20359711,587945.2238574,6591.0483759123
2018-07-06,6541.37,6612.9,6441.6,6595.1,112.26231748,734472.60337506,6542.4678544152
2018-07-05,6574.0,6652.6,6450.0,6539.9,152.75474299,1004111.1626133,6573.3550589589
2018-07-04,6505.9,6766.89,6406.63,6573.5,95.8203204,627062.37184537,6544.1481433971
2018-07-03,6610.0,6650.2,6461.5,6503.3,86.0556059,565534.14873968,6571.7293234429
2018-07-02,6349.89,6660.3,6291.8,6600.0,147.96077627,964723.11550252,6520.1274271641
2018-07-01,6389.1,6436.1,6267.6,6355.6,47.92488482,304276.75461923,6349.0346562555
2018-06-30,6195.7,6475.74,6194.5,6382.2,132.26834386,841189.54403993,6359.7193363991
2018-06-29,5882.0,6284.59,5826.7,6191.0,155.93093917,936092.18257837,6003.2485378532
2018-06-28,6155.47,6175.8,5855.07,5885.8,196.26485309,1188924.7108673,6057.7566087296
2018-06-27,6071.13,6180.0,6045.9,6157.8,122.49120713,748701.87124372,6112.2907414009
2018-06-26,6253.5,6295.6,6053.1,6086.7,122.00070092,758370.02532418,6216.1120354667
2018-06-25,6170.0,6350.0,6087.76,6251.5,139.33367306,869093.68039792,6237.499244161
2018-06-24,6195.1,6274.1,5859.7,6170.8,271.95081605,1664176.1655672,6119.4012569583
2018-06-23,6119.79,6273.0,6089.32,6195.0,89.9208919,556844.72204215,6192.6067488456
2018-06-22,6732.7,6752.3,5944.3,6119.5,217.81455613,1380295.3791451,6337.0208294127
2018-06-21,6770.6,6812.99,6696.81,6737.6,78.02521486,526939.03367083,6753.4454678057
2018-06-20,6748.3,6807.7,6584.4,6765.3,121.47610623,812784.83950555,6690.9029662726
2018-06-19,6710.0,6799.7,6673.0,6750.2,83.55415208,561886.96358453,6724.8239566424
2018-06-18,6466.6,6762.0,6401.72,6701.7,161.34953344,1062026.424778,6582.1474790499
2018-06-17,6509.11,6564.0,6458.0,6464.7,48.79719211,318363.06752918,6524.20874569
2018-06-16,6429.0,6550.02,6355.95,6506.7,93.16764564,604325.94329337,6486.4357056793
2018-06-15,6665.87,6684.8,6400.0,6415.1,129.73290345,850236.84985243,6553.7487194227
2018-06-14,6339.4,6730.32,6300.61,6659.9,236.42661608,1539650.774978,6512.1719394614
2018-06-13,6582.3,6666.4,6260.0,6337.2,304.7635293,1979000.6120908,6493.5611443937
2018-06-12,6902.2,6936.55,6521.2,6585.9,136.73741302,910928.28007578,6661.8803146622
2018-06-11,6784.2,6937.45,6674.8,6937.45,135.60413371,919533.27274744,6781.0121092174
2018-06-10,7511.7,7511.7,6681.28,6791.7,142.16301513,999481.90713698,7030.5339699148
2018-06-09,7625.22,7684.5,7496.6,7507.2,44.04418024,335572.87293443,7619.0059868494
2018-06-08,7688.3,7706.4,7554.2,7626.9,48.0787793,366620.41763986,7625.4102740886
2018-06-07,7671.0,7751.7,7649.3,7699.7,99.39848935,764303.97721341,7689.2916805019
2018-06-06,7622.3,7700.0,7455.5,7663.6,89.0683047,674492.18809505,7572.7520622165
